,prob
6557,0.00019216466
8972,0.0023098544
5690,0.001788307
3327,0.011967389
3495,0.0009569141
8135,0.00052744825
2349,0.11690877
6015,0.046049707
3389,0.016379908
8782,0.0011223118
5088,0.002472883
2047,0.042888433
4455,0.026802205
8594,0.017501716
6877,0.008638982
8308,0.0016130068
6966,0.021257449
4282,0.48611113
7577,0.0013407416
1976,0.002036643
6733,0.0024087846
2190,0.21940732
164,0.0037114772
4792,0.011103572
4670,0.0023473944
1555,0.15042976
3415,0.3732594
7761,0.003210352
1841,0.0007011206
8870,0.00018883617
7459,0.00028660503
860,0.12665631
8010,2.2846989e-05
3663,0.0035920525
2175,0.0015744405
1387,0.0427647
5975,0.024726735
6402,0.00021182779
7239,0.0014216189
3594,0.009545455
3843,0.0974531
7586,0.00010848306
6737,0.07037907
2538,0.030114824
1256,0.010388917
6016,0.47470918
1247,0.62347555
454,0.14374587
6042,0.0017357118
4843,0.001106927
5084,0.030327028
5855,0.48817876
8297,0.017290168
7687,0.0007171418
5280,0.012467365
9073,0.963871
338,0.05120202
7311,0.009825875
7418,0.013694604
4611,0.0152291935
5750,0.00092564104
4820,0.00024792118
4064,0.42250714
4430,0.04474618
5919,0.00012996835
7658,0.000161106
3762,0.011391936
5073,0.00021611749
8082,0.0024404528
53,0.0011435394
603,0.09737919
1640,0.47850785
3344,0.729442
1686,0.032132264
1663,0.0015281221
5053,0.19602083
1262,0.00813424
8370,0.0037411829
2203,0.17285778
4973,0.00018471286
3147,0.09590959
992,8.132134e-05
951,0.2531247
7737,7.4413605e-05
8702,0.00039133066
5139,0.00015148084
4164,0.001616389
4642,0.00039514722
6229,0.008108052
515,0.04169538
2506,0.029851025
8692,0.026195254
6541,0.014090383
2454,0.053095423
7314,0.0018749947
1724,0.0032817102
1120,0.08420979
3472,0.16426586
9035,0.74745005
1887,0.23620644
3747,0.00040636348
5892,0.29527482
4521,0.017433988
4688,0.0010578169
6971,0.00067272683
4360,0.0019165877
3170,0.031008316
8953,0.12135292
7355,0.22401722
8504,0.04298737
7287,0.025875248
6241,0.28408426
8360,0.00068924297
6024,0.0026802004
6981,0.014121571
417,0.0165581
1980,0.0136498045
7860,0.02183759
2105,0.0030199385
2703,0.035721388
4300,0.00023908226
8425,5.816433e-05
8358,0.00038556725
7486,0.0012046472
4133,0.22896092
2983,0.07936186
8958,0.000104504405
7343,0.0008949102
6996,0.007874933
8403,0.0016031228
1664,0.109857015
7240,0.00024432898
8150,0.0013907148
6293,0.00033698123
7190,6.783135e-05
8818,4.0158175e-05
4976,0.00021611749
3354,0.0013451908
3943,0.1886138
5032,0.00017044759
4361,0.0006155866
5759,0.0012016388
154,0.002066064
5622,0.10994662
4867,0.008200179
1607,0.005004682
2786,0.007153995
6898,0.0028216909
3701,0.009327802
5618,0.00024730832
7196,0.13495085
8474,0.0030086623
6030,0.003742068
1920,0.07061847
2811,0.112709895
4212,0.005009355
2243,0.0021010994
768,0.02786354
6924,0.005298014
6941,0.009261133
8762,0.10368868
3335,0.01913425
6233,0.029305916
6103,0.39021167
8258,0.000110957786
1050,0.02114983
189,0.057698123
8741,0.0009468226
5423,0.0012480048
7509,0.0027401
886,0.052643254
5222,0.0033906677
5232,0.019355506
4363,0.000293828
8657,0.0014034744
7385,0.2301417
987,0.00037488548
1136,0.012132856
8841,0.028314644
920,0.00864775
5895,0.001176859
7307,0.6582577
832,0.001427311
8069,0.0014726593
7419,0.0007381538
3462,0.2813041
3108,0.49376157
7218,0.02194242
6957,0.00095112727
8747,0.0011612003
7916,0.001035916
5063,0.00044990174
3687,0.00013162952
6635,0.029730836
153,0.14440088
1899,0.021911837
1834,0.0356528
2790,0.05402839
5136,0.0009442641
8956,0.00023015469
7587,4.330165e-05
671,0.0010262209
5383,0.0002783564
3609,0.105033286
8864,0.0022541862
8207,0.00012449466
3972,0.07416563
8684,0.30750656
5616,0.0076143974
385,0.0019021889
7833,0.009529441
963,0.0015938022
3020,0.1425601
4835,0.1151316
638,0.0006923784
1276,0.019890435
519,0.51468194
9018,0.21307765
7147,0.0017268742
699,0.012161569
2089,0.4235839
5626,0.0021386
914,0.1809552
6230,0.00073231664
4426,0.011011088
3359,0.002838779
7164,0.0036844588
974,0.1541473
2065,0.030853737
7984,0.00028609726
3993,0.028782906
3990,0.009254734
1843,0.00013049004
5732,0.00027491298
966,0.2733914
8483,0.033740465
7402,0.0014356052
4846,0.00049432094
628,0.003803439
3486,0.6150484
125,0.00028608117
5352,0.068806276
8172,0.028918896
1857,0.0015525159
792,0.11488321
7892,0.009031915
1648,0.0022300219
4124,0.00015847626
663,0.25345415
5298,0.05233776
7266,0.0029269948
3584,0.038966563
7182,0.00382235
2604,5.3552325e-05
5181,0.065614134
2193,0.014572879
6283,0.00042459834
2162,0.0010051568
2322,0.00016076426
3741,0.0017842972
6668,0.00036516192
8547,0.0036495656
7312,0.012281532
7092,0.0077945595
8481,7.644018e-05
536,0.08629954
5188,0.030360237
3294,0.00029065565
5115,0.003234659
6122,0.0024876026
4675,0.8541437
6038,0.004570405
7004,2.2661718e-05
1571,0.021652889
4673,0.13052797
6028,0.0009711028
851,0.00073436013
2428,0.042238425
946,0.45092964
4854,0.028395452
5506,0.00061556016
8745,0.007095844
8295,0.0061880206
6856,0.0059582414
2712,0.0075328615
3507,0.0010377162
8550,0.00030213315
537,0.11307218
980,0.59871536
28,0.00025238853
7192,0.08082216
7585,0.00077045325
8448,0.0011921086
3239,0.0007417865
1301,0.05360287
7270,0.108358555
2219,0.0005426451
2914,0.009650277
2752,0.0004618939
1331,0.016244784
5727,0.00022985162
7805,0.07585833
2935,0.02374225
7849,0.013485469
3510,0.014346258
8815,0.017390693
4735,0.00015658919
2667,0.02271643
3345,0.26022947
6964,0.00097384944
6588,0.0005619212
2854,0.0010957354
362,0.026883686
8159,8.7936125e-05
5109,0.000106367275
8152,0.009395843
4548,0.14494087
7098,0.019180173
4543,0.73827505
260,0.69813573
924,0.0075002303
5915,9.993909e-05
6369,0.0015942468
588,0.057801496
4849,0.028395452
64,0.022335004
2511,0.1263231
6002,0.0028214655
4780,0.0008700034
7513,6.623469e-05
4895,0.026302611
3325,0.00060622796
7069,0.0060540405
2382,0.6548389
3531,0.012490793
477,0.14452642
171,0.0013138802
6335,0.004275173
8983,0.0040719896
4892,3.6480902e-05
4831,0.23887688
614,0.29710826
6376,0.01371314
5393,0.00095459574
2871,0.0008637605
4807,6.377949e-05
8928,0.00052191084
5126,0.00799298
1585,0.060754444
5575,0.0060986835
6937,0.012751778
7970,0.0003813392
5619,8.1006016e-05
4636,5.1902007e-05
3004,0.013929651
8533,0.21172042
2204,0.0008178031
7409,0.0054804804
830,0.44974217
3057,0.019846829
6320,0.019098248
8290,0.00060618634
2383,0.1387415
7253,0.1434991
2074,0.07842842
5868,0.009047116
2853,0.028575646
5158,0.010351529
3845,0.0075752907
5355,0.0006819694
1148,0.0075693456
1761,0.021790586
6471,0.011292173
8478,0.008342498
5625,0.2108143
3205,0.001938028
5450,0.00022928603
6446,0.0005952314
4111,0.012382957
1296,0.25003955
814,0.025394296
1771,0.00097305
8162,0.051058218
1285,0.13471687
2050,0.03345224
2108,0.006087061
4544,0.047467932
6528,0.00057738443
667,0.055250738
8529,0.003918332
6959,0.0031948104
7102,0.026942492
2747,0.016896535
7026,0.0010164058
5585,0.00014682332
7827,0.0018254529
2205,0.008485119
1917,0.014272767
8359,0.042140752
6819,0.35044894
3983,0.13247967
2624,0.01379844
5545,0.00023041267
2679,0.00754337
3953,5.7892128e-05
4389,0.034033377
1828,0.2305962
5016,0.0023502782
3342,0.3103588
6514,0.94795614
8176,0.00043053163
4014,0.06955054
3930,0.025900409
1619,0.2175498
7721,0.3140619
3675,0.019172281
884,0.87587786
2931,0.03121451
8262,0.04192834
7125,0.009376888
2736,0.0022754667
1906,0.000221132
8445,0.23109049
2839,0.04600804
1622,0.00015961731
5034,0.005741478
1524,0.019587988
995,0.06460741
5655,0.0069145956
8375,0.00035213266
1065,0.015905548
934,0.3628564
1863,0.33977422
4711,8.785692e-05
4495,0.0043974253
5301,0.02557189
2612,0.0030335851
5877,0.00090772565
3776,0.09056988
8164,0.018796515
5534,0.0009778114
3363,0.025775013
954,0.13894151
7858,5.842059e-05
6344,0.00324649
7574,0.0007780071
36,0.012229018
8581,0.0014123362
7776,0.00040108128
7114,0.00989811
8882,0.07012815
513,0.0007578178
201,0.4380985
2976,0.028325193
1389,0.019933473
310,0.022015205
8106,0.0002703085
8352,0.057632748
3430,0.0048852414
4444,0.018714497
54,0.0009682969
4893,0.01232747
4887,0.0019845634
6534,0.007534847
1341,0.13631701
1645,0.08900267
4729,0.031258736
1154,0.03103399
6469,0.019599956
404,0.03247865
7320,0.05316589
294,0.005061427
7643,0.11549812
5315,0.2885354
8371,0.0037592691
4802,0.0011974678
2188,0.008948897
7511,0.0012025698
6617,5.4632972e-05
4265,0.014228237
4926,0.0023502782
5172,5.6703957e-05
6387,0.0048099877
5954,0.0016933292
3124,0.007469313
7578,0.000107890184
3086,0.00023852511
2482,0.002475065
5299,3.802434e-05
5560,0.033163246
8332,0.024059452
5565,8.795634e-05
6150,0.3691601
206,0.08702323
6077,0.09536329
8379,0.00015463252
4572,0.10445259
9039,0.65561247
4345,0.00083280756
609,0.0004287852
7555,0.002390655
5988,5.1579704e-05
3894,0.15194641
1386,0.0617739
2953,0.022454144
5287,0.0020117834
5765,0.0017336088
7765,0.0034381445
8240,0.0021473477
3329,0.0071931747
1757,0.08237441
6609,0.0010298275
224,0.00014333297
6709,0.003325227
1453,0.0607606
5342,0.008524762
5445,0.05532509
5881,0.86965835
6600,0.0019439501
10,2.8533883e-05
938,0.0352676
8555,0.0005561369
7483,0.0005644105
3726,0.0021782138
8926,0.026511362
3051,0.091609776
1098,0.033291854
3798,0.00028691534
8863,0.46012282
6878,0.0028615773
3763,0.0048355213
5249,0.19804427
262,0.05206554
1318,0.0070338254
4621,0.03656631
2433,0.0023649952
4944,0.0023502782
474,0.21673678
2621,0.002328973
4142,0.010978143
825,0.014395312
913,0.02483079
8988,0.0005147672
8982,0.0038812289
8534,0.0024378432
364,0.009642637
2593,0.20310242
6313,0.0071191294
3387,0.0008772008
4795,0.0014219168
8002,0.0009822446
3394,0.4418358
7208,0.015893454
6892,0.00016407325
1016,2.9869694e-05
8593,0.027378153
827,0.00013179392
8911,0.00016956929
4499,0.024865987
3760,0.056014244
4524,0.0031894376
5052,0.07824201
7342,0.024292909
791,0.26364973
5805,0.0532902
5913,0.08403422
4681,0.0036871769
6598,0.07484497
2371,0.15077977
3735,0.036255002
7683,0.00423078
520,0.26171726
7368,0.002282438
5776,0.04268138
8392,0.007864412
769,0.018235628
8468,0.015627159
3597,0.00018172419
2730,0.0030409605
8065,0.05707405
3642,0.00068116136
8350,0.0013865147
7241,0.06885424
3998,0.00029755762
8050,0.0032622153
6938,0.0017438426
5797,0.0020011305
7138,0.0010772742
4223,0.013366205
1333,0.0014768428
4158,0.000809103
1994,0.022417221
5122,0.00936491
1380,0.06962888
8102,0.026286338
8673,0.07096232
1435,0.0060979347
3672,0.007401518
3330,0.0014532295
2737,0.0017082292
7326,0.038650848
1495,0.28193453
7140,0.0003383429
5949,0.001272035
6278,0.0014252492
2674,0.0013225873
8195,0.0009262992
4501,0.000114658826
3420,0.006644007
3490,0.01147341
301,0.11103039
7214,0.00023014129
8867,0.0067043677
7328,5.0360184e-05
659,0.13458039
488,0.05539262
3629,0.00062958157
6540,0.072750956
4889,0.0019018458
6766,0.121357314
3521,0.0074403184
3324,0.00756371
4826,0.00029706527
7221,0.00081319344
7608,0.00061188475
55,0.030304901
285,0.6082274
4916,0.028395452
8668,0.0009342471
1150,0.0715941
2427,0.077702366
6882,0.007135769
6748,0.00026242042
5667,0.00031874198
1959,0.09754602
7099,0.012885097
7068,0.0006712775
5539,0.0068466174
4135,0.040095203
1853,0.0044238754
6183,0.0904925
3709,0.011365368
4494,0.0073220786
2919,0.043663934
7280,0.0003020652
8856,0.025174512
5886,0.00024476805
7804,0.005149698
6612,0.0037012945
5031,0.0005892543
2768,0.11536137
8421,0.0048130904
704,0.01218622
7648,0.005755183
4021,0.00075648114
1122,0.3211445
6031,0.0053401147
7734,0.09919816
4388,0.013052965
8131,0.0008434517
1308,7.060835e-05
4297,0.057839125
4186,0.00011954236
8963,0.0077806837
1913,0.0034718565
6831,0.059257437
7124,0.00873528
7589,0.0001219895
6887,0.026955795
539,0.0013103536
2489,0.00039592228
8680,0.036097985
2368,0.00026390853
4226,0.005423668
3368,0.17735654
3577,0.25450262
1015,0.00089914526
3636,3.265686e-05
5320,0.029316677
7678,0.0003089024
5854,0.0037380883
3223,0.039234567
8719,0.031205814
7350,0.111320734
7454,0.12098526
6801,0.00032906703
8100,0.015866121
4841,8.1273814e-05
1581,0.20941252
2797,0.3684603
3633,0.018934598
7184,0.0013642937
6072,0.0055857995
7992,7.5600496e-05
4869,0.0011108589
2553,0.0674955
8660,6.1663064e-05
5977,0.00018680445
2049,0.14729857
2558,0.18070053
5721,0.003467631
7300,0.0061453455
5604,0.012975209
2733,0.0040062102
8433,0.09630442
7215,0.0023177655
4492,0.010373345
4422,0.01252782
6035,0.026066832
5582,0.06352404
7186,0.26652387
7905,0.0004731333
846,2.1273825e-05
3579,0.050159913
1679,0.008197426
5134,0.0029080093
4,0.001141083
8710,0.0028970179
5569,0.0025320672
698,0.018139577
8725,0.0002582998
4249,0.0018737529
3440,0.16021657
6806,0.00382286
5311,0.16060893
7043,0.0027480496
2262,0.19280264
4858,0.00077511475
7022,0.031960074
1304,0.008806624
8157,0.0043588313
8781,0.009854685
8155,0.012195178
688,0.022981696
988,0.00270569
3526,0.0027041773
133,0.005852468
7037,0.017403921
3191,0.28278542
6059,0.005912902
9006,0.980206
2573,0.0023353249
5150,0.0008102333
3476,0.017759817
7526,0.25127703
7940,0.0007261023
2385,0.0029116354
4910,0.00023895827
8449,0.26759082
384,0.000742006
4465,0.00049229705
1279,0.0013258341
6457,0.002472883
6944,0.00516037
8265,0.008110189
4321,0.08699031
232,0.0034108672
4497,0.0060857083
4662,0.0005758903
3561,0.11432339
2343,0.17071977
2896,8.89485e-05
5578,0.20344566
5801,0.051036075
7392,0.0016975922
5203,8.340247e-06
2332,0.013823522
6490,0.0039843284
918,0.0631153
635,0.0010557726
5240,0.30500793
7339,0.00031721956
2062,0.0006872336
6731,0.0065270183
1802,0.05560788
4833,0.00063378894
4876,0.028395452
8697,0.016642286
1045,0.04682566
4070,0.00073627767
1311,0.0012497916
8890,0.0029805382
2961,0.00042992938
2681,0.07747431
7818,0.013054175
6943,0.0847052
8137,0.01638352
4811,0.017397847
8312,0.047448345
5726,0.10944196
580,0.0052959635
2198,0.017277565
3598,0.08600012
8666,0.007436794
989,0.00112383
8064,0.003401733
3401,0.006160283
5691,0.002227639
523,0.14149362
4208,0.020504536
8094,0.025497599
7810,0.06962514
6467,0.007726218
4496,0.0012486225
8577,0.06740212
6970,0.0058197775
4451,0.32155016
762,0.020155054
6948,0.00015030806
40,0.029774018
3028,0.19663097
2125,0.044454236
569,0.0035064463
8341,0.09513178
5179,0.0059265527
5530,0.19708808
5421,0.006126369
5796,0.0017104237
885,0.11302131
3067,0.6356969
5985,0.0010614622
1463,0.00754124
4980,0.2473389
2491,0.0008848824
3005,0.23306993
1986,0.005340375
5029,0.028395452
2076,0.0005342657
3242,0.013611849
3224,0.00021125031
5289,0.0018438314
9016,0.21201338
3756,0.019147517
1521,0.007565292
7390,0.0014871584
1248,0.006918762
2708,0.0001562241
2141,0.20291361
6411,0.00019512992
1908,0.05449393
5917,0.0021277051
1970,0.3981551
1191,0.0666021
774,0.001001025
3511,0.7454386
7932,0.00022871507
9008,0.21641403
2472,0.005344267
236,0.00020220711
5387,0.006339345
6891,4.940342e-05
5083,0.0008705611
7989,0.25203925
5486,0.0013815555
917,0.00097305
5675,0.019434653
9012,0.19671059
5760,0.00038469123
4107,0.000530854
8380,0.029835926
3451,0.00020931751
6833,0.019860288
7245,0.001353947
2745,0.29820397
8755,0.09575707
3810,0.02428061
5319,0.0032435842
3925,0.010130081
2136,0.0073925136
1914,0.015092214
2635,0.027612265
4218,0.058683597
8306,0.0019208613
2717,0.0035471995
5043,0.0009536566
3696,0.010200356
728,0.0017745035
8006,0.14463517
4243,0.0086392965
1901,0.047344532
892,0.41634473
4579,0.01732245
5334,0.052822195
130,0.1595826
1955,0.00015534619
2632,0.012852031
2806,0.10473373
8235,0.018876998
1762,0.0019886098
8175,0.027811715
3072,0.1333193
6396,0.012821389
7923,0.0044727135
7956,0.9116353
302,0.019975167
6305,0.0038711336
77,0.46525443
1809,0.022268917
4179,0.0037603173
8793,0.0142379645
1007,0.009410678
2035,0.010067004
4488,0.49935544
7489,0.0009647493
1418,0.010101237
8933,0.12481797
2975,0.017237987
6168,0.00092136295
5233,0.026389696
4547,0.0025017897
481,0.00043212532
6353,0.020100428
7961,0.045545094
1930,0.0002758224
1816,0.10181927
1591,0.002675294
3797,0.23530479
6342,0.22853392
4433,0.011546138
3449,0.20037375
3380,0.00043579648
6287,0.00028163154
5401,0.0004309287
1711,0.008436847
8463,0.006346477
5182,0.057271376
8949,0.0031761895
8938,0.0022931146
4435,0.0005260116
8604,0.0131084835
8817,0.015353486
928,0.01521847
2490,0.0005960623
145,0.12297799
8154,0.005529081
8130,0.00016603355
6222,0.00012886696
4493,0.00496983
5490,0.0014573461
4859,0.0026193685
441,0.00076493795
3500,0.85049134
8700,2.1914457e-05
692,0.02020594
2599,0.0028837658
1184,0.004086224
8527,0.00014506986
7002,0.7304073
795,0.0018155245
2878,0.0008284627
3533,0.05131373
6986,0.012684062
7315,0.008423016
5217,0.006202585
6295,0.099414974
878,0.0052393884
7595,0.0018238671
3987,0.066921145
7689,0.00028689948
1875,0.00015328429
7561,0.0138167245
3079,0.2598036
8198,0.00039829264
1604,0.004027494
4452,0.013847698
2844,0.17483741
7129,0.010800023
271,0.7268902
1265,0.65392554
1060,0.031934246
2731,0.0023786814
4612,0.0002561212
2838,0.018306931
854,0.001236829
4971,0.123396635
571,0.12338153
4911,8.744828e-05
7775,8.822229e-05
2713,0.0035837046
6922,0.0010447303
4804,0.00039337136
8998,0.017798461
6776,2.6878486e-05
8409,0.00072245003
5373,0.008158852
3281,0.0015438361
3419,0.11828055
4225,0.009594533
7777,0.053915277
3853,0.026026793
8894,0.00058830366
1466,0.33340085
3502,0.00079310086
6905,0.0020965561
7383,0.0036525144
6316,0.004984942
4946,0.001106927
9043,0.049626477
7840,0.0003020652
4106,0.0008028613
3769,0.00019812187
2000,0.044854663
2109,0.00020649176
1250,0.005699799
8497,0.00050126505
7357,0.001377362
2081,0.31969827
6185,0.006309197
2079,0.0020518836
5541,0.105109125
5000,3.2177293e-05
4964,5.114223e-05
6404,0.0012818176
2026,0.13295072
5191,0.1452449
7990,0.00010608224
716,0.0058341967
2901,0.025079299
4637,2.8835461e-06
1690,0.0015609085
249,0.00071653514
2779,0.0020556932
4311,0.0069889077
6303,0.005043892
5864,0.02417959
2898,0.0003745261
6190,0.24447033
853,0.0008450859
3854,0.030926617
8932,0.046605684
2504,0.2836228
943,0.009920093
7554,0.0008021815
3812,0.008142805
2994,0.00082265283
7679,0.018140396
8634,3.5477537e-05
8470,0.0034692048
4068,0.0008843455
4665,0.0023056716
6530,0.2396005
4346,0.09969288
7313,0.001810174
38,0.0003615406
6645,5.3612668e-05
3556,0.02240261
4806,0.0364711
4206,0.0019711263
813,0.005810314
1596,0.017399177
7651,0.5923166
5997,0.047766317
8335,0.0020154545
3453,0.007802163
2872,0.10046293
6331,0.08410702
5295,0.00043355607
492,0.0013771934
4822,0.0040061376
7079,0.0041110753
6777,0.052204013
1998,0.013403187
3385,0.0041459403
950,0.0014866833
1528,0.015403314
6783,0.014671622
4473,0.056858107
2923,0.0006127707
6197,0.0004303464
5984,0.0035335415
1167,0.057472028
6799,0.009764917
2041,0.0016168115
6563,0.6310737
5089,0.00032065666
7801,2.6153726e-05
400,0.8471839
7041,0.0010482346
7875,6.472391e-05
6960,0.007108228
7560,0.002361098
5996,0.0049647437
4033,0.7046292
5177,0.0035522662
6238,0.0054590856
5699,0.010296209
3899,0.0001840434
1540,0.017079666
5124,0.00765248
6102,0.051718265
1077,0.00035456868
7913,0.003880073
7027,0.000341365
7634,6.780619e-05
6722,0.012502456
7677,0.0008206387
8180,0.00021458082
2253,0.0030619581
5806,0.004385998
8033,0.0011448876
3840,0.020517891
2151,0.0029018067
2967,0.0100512635
9031,0.01497957
8690,0.0009640906
7393,0.003189721
8505,0.35360575
9069,0.07206581
60,0.69548666
5443,0.002186757
5811,0.0025751474
6184,0.15999767
8394,0.0008951758
8494,0.08656932
8560,0.0850154
1708,0.5366133
419,0.18622899
8401,0.03235308
6694,0.0042799823
5104,0.0039085997
1409,0.13369535
8120,3.674977e-05
3310,0.7859069
6958,0.008489854
775,0.0111519825
8800,0.001916024
590,0.01201075
7449,0.028700383
8026,0.009231665
3863,0.0010098197
4632,0.005849819
2800,0.8186395
3030,0.003987075
9048,0.26571202
6096,0.0054947385
1131,0.0014379066
1678,0.30660182
5348,0.020028863
3890,0.0036845624
2120,0.019335866
2782,0.00025764186
8444,0.0001943393
4090,0.008819505
7325,0.00010646378
3610,0.02060931
5645,0.0012019039
2084,0.2394143
8439,2.3154927e-05
1547,0.029960759
4116,0.008702667
6132,0.0024461336
7806,0.0059640077
3719,0.0004940357
3748,0.00041834518
3775,0.013364545
1165,0.062006585
2449,0.91358113
3596,0.0009584986
5142,0.003843986
1306,0.027982019
5734,0.27001092
502,0.02064501
5463,0.007748656
686,0.0394266
7730,0.0002235312
5475,0.0012451189
3924,0.13713047
2738,0.025359076
7994,0.002800578
341,0.34461984
8203,0.14283852
137,0.0005277613
8173,0.004085159
6640,0.024234321
345,0.036228873
6852,0.38016966
6506,0.010411448
2861,0.76394796
3564,0.07988106
1365,0.1216004
1040,0.0348479
5256,0.32600856
6738,0.060946032
2030,0.31011528
2711,0.0180595
2469,0.09021693
7077,0.07229622
1063,0.17008583
1682,0.455245
4432,0.13193223
2695,0.005059427
3417,0.013845726
8906,0.008344344
6863,0.004786196
7151,0.14894535
2106,4.3439628e-05
2912,0.20254952
1716,0.041065946
4324,0.0014829512
5644,0.0005660151
8715,0.018892203
7450,0.00018246402
1560,0.24224341
7941,0.009314157
7091,0.007440121
3111,0.17089756
6269,0.004623767
391,0.0029169382
6904,0.002938934
6999,0.002733494
3160,0.0012542796
4752,0.0031103343
6546,0.008195262
1314,0.00013394431
6456,0.0071186274
375,0.0025241384
717,0.0056516356
7059,0.0006537118
5497,0.00016637318
2419,0.004067527
3267,0.13336891
2657,0.0010058508
3177,0.7396463
3452,0.0011433788
6893,0.00028422353
3009,0.00012954706
2255,0.3874501
7136,0.597053
7668,0.025319388
2739,0.0056966953
4873,0.001588157
5237,0.011225073
6131,0.028336102
7400,0.0012479316
5370,0.009468381
4757,0.0029037967
8047,0.051572394
1214,0.01129827
4263,0.00039247258
8952,0.074310414
21,0.5155918
6508,0.00017818599
225,0.0045488295
7894,0.011480701
3920,0.006661017
3681,3.790226e-05
1202,0.6106013
3818,0.05645657
3228,0.027018664
7714,2.839482e-05
6276,0.00022695896
7943,0.00978803
1759,0.00012271307
4569,0.000347365
4777,0.05737072
6097,0.10050488
4468,0.007267283
8587,0.0959948
5207,0.00038087033
8831,0.040028665
2156,0.009671075
8367,0.0014200364
3391,0.0020427871
793,0.010770785
8422,0.0012651236
3963,0.036736634
7830,0.008420359
8007,0.015690912
4737,0.001770518
5085,0.0006923784
709,0.019699583
2911,0.0013187835
5392,0.00036329677
9054,0.40674666
5468,0.008367031
2424,0.00012371597
5657,0.008884084
1810,0.21232548
1895,0.011891507
1332,0.0019378692
1081,0.073469274
190,0.095475465
3902,0.01703808
9042,0.9209103
2443,0.009957856
5526,0.0036427474
8626,0.0037413195
1804,8.634924e-05
6809,0.024022447
1355,0.003191937
7330,0.0013983346
6949,5.073037e-05
2969,0.044373598
7667,0.0004241865
1996,0.0012459506
3141,0.0003871154
5788,0.00073424046
8780,0.0035469264
5161,0.017559905
1704,0.006798697
2396,0.19953193
3999,0.02451808
8208,0.0027945256
1069,0.020253237
4289,0.02128044
5305,0.7082377
6767,0.014189951
390,0.17192727
3569,0.4405467
2064,0.0031211835
5742,0.000113785856
7576,0.0061940993
8319,0.0014600785
3117,0.0007042254
5536,0.00048303572
8016,0.001949636
7790,0.101221785
4197,0.011419544
2849,0.00060080003
8322,0.010389075
8531,0.0002561302
1245,0.0030288356
1838,0.007804393
3530,0.020781796
2116,0.65077204
5966,0.012786612
126,0.072674714
4797,0.014376497
936,0.010999339
7126,0.37319738
6327,1.0032074e-05
4460,0.00032163796
3508,6.065696e-05
666,0.040733404
4234,0.00079296407
3233,0.003348822
2814,0.08917921
5713,0.10505053
2048,0.004895105
7832,0.030979674
2824,0.0022899671
3913,0.010004347
4175,0.24129328
545,0.00095035235
2403,0.25983152
1636,0.0017099312
606,0.00036605314
7428,0.00094546593
1254,0.64964277
3876,0.0003065501
2734,0.0072303913
2645,0.019651664
1733,0.059702974
1353,0.015741719
4171,0.0049915942
7479,0.016775357
244,0.07354144
5098,0.0011223118
4000,0.0014152714
5853,0.090813115
5592,0.14775264
3054,0.07305501
2200,0.004512883
5971,0.06117319
6359,0.016373754
1763,0.1783585
8056,0.0092732515
3965,0.009804432
2082,0.0001971713
7119,0.022477066
1707,0.020315012
2336,0.074628204
4683,0.002762656
4079,0.0005454724
7421,0.013120418
2466,0.0004571965
4036,0.011892229
5069,0.00023895827
823,0.35464522
1750,0.0017065485
4143,0.02765974
4277,0.0033401803
98,0.010933372
6565,0.0019509558
2139,0.036995355
2192,0.0044162897
3304,0.041298233
7035,0.0027027864
3959,0.11971554
2808,0.014410008
4616,0.14909925
7083,0.00078631344
5961,0.00055045105
7987,1.18816815e-05
1685,0.4588127
6678,9.718007e-05
5791,0.00021473106
3376,0.013562991
8838,0.0014677822
412,0.013817881
4232,0.00064103934
7891,0.0017263364
8071,0.0014633231
4286,0.00401378
956,0.058932193
8658,0.0013736711
5005,4.709436e-05
2234,0.014432842
4484,0.009261422
4062,0.04409989
8110,0.00078927836
5745,0.004335302
8338,0.0053740563
7564,0.042111706
1852,0.012811676
5658,0.0008541144
750,0.011258517
284,0.13357466
2930,0.0008344722
1062,0.0011253055
329,0.03968336
1291,0.08993631
255,0.045590166
4408,0.00095443527
3373,0.16314083
2507,0.00060974737
7292,0.008679329
7617,0.0019232469
3190,0.106022626
3549,0.0017024226
1796,0.0039760526
600,0.09458297
1066,0.0173791
9,0.0028529246
466,0.071294464
6371,0.00024079732
4736,0.53620565
6585,0.91620237
7408,0.00020158861
1734,0.045392826
4566,0.12328895
4255,0.022863284
7158,0.018997578
7404,0.0026255557
2060,0.00040741908
7811,0.014647259
1693,0.0013772872
6573,0.0022008943
1324,0.0018422323
1868,0.00047832303
4178,0.0007944328
5135,0.0017760913
7966,0.0026210994
6136,0.015948843
7411,0.029471258
5408,0.3812145
4459,0.00019517104
7332,0.0024602495
5068,5.3938562e-05
6665,0.0051018195
9079,0.9576356
8226,0.41833794
3356,0.00068483024
2265,0.536539
1997,0.0047972747
2682,1.8849785e-05
1625,0.45413092
6616,0.0269137
4069,0.25744182
6288,0.16781051
4549,0.010466527
7546,4.805189e-05
1633,0.5741015
4413,0.00013592081
4759,0.0075109047
3444,0.0013024774
7673,0.014595487
6374,0.0009333414
7206,0.004684801
5878,0.0009016516
7904,0.001622448
4425,0.7007557
6148,0.014546607
1312,0.021380732
7901,0.0026107656
3446,0.0014998683
5951,0.08207749
5567,0.008707688
2693,0.08663225
5588,0.09372362
74,0.13497639
3581,0.0027470407
876,0.0051712967
4330,0.0017228238
3572,0.008131975
1500,0.06745264
9062,0.9640796
6655,0.0013024774
4748,0.029656554
6235,0.014514257
1785,0.00031297578
4146,0.0025488057
277,0.058626663
8597,0.002679901
4530,0.08954295
4120,0.031414434
1854,0.15789425
3374,0.043371
5297,0.0098017985
7455,0.014096248
2950,0.1011363
8096,0.0017040442
4188,0.113335125
2033,0.014925042
953,0.008363301
5343,0.0003291524
5390,2.5227777e-05
4853,0.0038241385
7674,0.0031761532
1059,0.036340535
2129,0.005251752
3738,0.33188725
2626,0.005841536
1458,0.059818238
2143,0.12886068
5449,0.010159305
4278,0.0013973302
2891,0.0138844075
46,0.034523856
722,0.15860361
7996,0.00048861944
4052,9.674292e-05
3778,0.017739398
4242,0.0018091947
4770,0.020442255
4061,0.0033613606
5754,0.038652733
5051,0.00017044759
5293,0.003133906
197,0.1767414
6619,0.004752601
1252,0.00065030623
3676,0.0067259707
770,4.9062564e-05
4261,0.029749732
8125,0.16423155
5208,0.028306913
6367,0.021688089
1290,0.010281783
8465,0.034032367
2461,0.013424352
2502,0.49183443
1646,0.769185
2,0.14053364
5276,0.4804329
3850,0.0011319789
526,0.0005372889
215,0.0034195273
3241,0.022738876
2539,0.07745196
8695,0.001974165
6010,0.0049681417
7009,0.002253398
6484,0.0012883149
7981,0.0033872598
4199,0.0005283207
6667,0.00054511765
5056,4.668829e-05
117,0.0035432035
3644,8.077615e-05
824,0.00040639815
202,0.17867452
3300,0.0077409423
804,0.06472269
431,0.7174499
1931,0.0152415205
3201,0.29822204
8416,0.0032412368
2560,0.0004397901
2744,0.03714183
186,0.15038742
1855,0.005154202
6496,0.058638953
6212,0.000102192505
3367,0.01919367
8675,0.027114939
235,0.0004681768
5290,0.26524574
1021,0.00305978
3744,0.35003775
4788,0.00087188097
4026,0.06186511
8848,0.0100642815
2058,0.16107918
7291,0.007388246
3099,0.003117752
3553,0.001998033
7112,0.016525589
2012,0.014025132
2541,0.063174196
7861,0.26173696
6493,0.0029684997
4799,0.00079356163
2557,0.02132042
3073,0.0025247135
8397,0.0064740903
6707,0.0019792411
6090,0.02223318
906,0.072814085
8447,0.001149927
826,0.0010784473
1267,0.29812473
1792,0.0042953216
4268,0.04116501
327,0.0010855544
6697,0.045406062
5047,0.00034176634
7410,0.008844525
6172,0.0020185085
738,0.015068983
3093,0.06377748
7952,0.014991051
4203,0.0009764917
726,0.002445275
2869,0.002488972
7141,0.00017637847
8571,0.0003506237
6439,0.028070612
2393,0.00057263667
317,0.00495987
7695,0.00031584495
8311,0.059382007
7543,0.14895986
2514,0.7650863
6736,0.0028751802
94,0.015101019
3120,0.007564806
5346,0.0019891455
6873,0.0017608628
3068,0.1660544
984,0.008118018
8415,0.016515533
1205,0.020691855
3155,0.0020504566
7869,0.000107110194
2551,0.4950632
3974,0.70831877
3156,0.004615762
3212,0.0008908343
7672,1.6621356e-05
6166,0.120493956
1542,0.0011374354
7691,0.011446681
3157,0.0006211311
1865,0.00067349593
2122,0.021504173
3266,0.002607201
7575,0.0011986906
4018,0.0027550797
5399,0.036261715
4931,0.07824201
6988,0.0022288489
7494,0.0013317391
7863,0.00056001643
4193,0.05321377
806,0.002139578
2590,0.47701448
4380,0.005896653
2161,0.038057733
1182,0.0004957474
4809,0.00029151593
5779,0.06990492
5600,0.10519536
6843,0.005809578
983,0.00011250703
6158,0.00027217797
5986,0.0043395977
2027,0.0008026544
5941,0.00011220425
1240,0.0039638397
7274,0.07282274
3695,0.02144806
3104,0.0297152
8839,0.00011862475
6910,0.0002584599
6420,9.6647665e-05
4719,4.709436e-05
849,0.02401222
8017,0.07881784
2597,0.00050457177
3180,0.77890056
822,0.025257288
8927,0.0001085761
7641,0.0016935645
1574,0.0037400885
2032,0.43303043
5479,0.003299887
5872,0.00012322926
7723,0.0016327525
2479,0.010987171
5870,0.005040007
2180,0.0041891546
2719,0.00266761
2832,0.0074317167
4491,0.0012945974
5116,0.46425158
3056,0.13072975
1823,0.055134255
1481,0.05883252
2421,0.0045812256
6704,0.00053832517
2769,0.07782795
7973,0.0003246772
7304,0.00062893867
6714,0.0018471816
5703,0.50443596
3042,0.01505758
161,0.03580579
5429,0.003312906
5415,0.7891781
933,0.012702779
2946,0.01707748
8004,0.020003386
8736,0.0040468685
7939,0.729149
504,0.15781274
5959,0.0018042696
922,0.009921358
3152,0.0014822453
3432,0.043963812
3110,6.780329e-05
148,0.07842957
512,0.14087747
760,0.003543623
4555,0.0013438367
3766,0.00070071913
1933,0.059215646
4312,0.00958677
959,0.00018187534
3640,0.11631237
3293,0.017265344
556,0.3404395
5442,0.016509669
4658,0.04472084
3436,0.01173789
2376,0.0022084601
7166,0.00086231885
2761,0.21775271
3115,0.0018125406
7056,0.00037381594
1342,0.016597575
5258,0.0036986119
4598,0.17965697
5989,0.0043203784
1460,0.0009908562
2051,0.019302633
395,0.45267683
784,0.0027491366
4784,0.0024507176
8822,0.00055678206
7629,0.0059293434
5535,0.12837212
6254,0.003018354
6413,0.001418909
574,0.25577495
645,0.07785545
1687,0.0769258
6677,0.0010835959
4150,0.0031137457
2568,0.00300436
7870,0.0010015176
1985,0.00916601
4805,0.08411056
6544,0.73059636
6019,0.00053587067
8792,0.020059545
7783,0.5626001
6007,0.00052049843
3900,0.0023923055
3280,0.008694978
3343,0.10593044
8482,0.003092975
8586,0.12157702
3627,0.01855902
7101,0.019483121
3186,0.03514668
6265,0.010906318
3506,0.051413886
2327,0.00024397587
1531,0.025476806
4968,6.0182538e-05
863,0.5766845
6614,0.002099707
2353,0.1585328
1028,0.00080489507
1639,0.6570445
5640,0.057943214
8061,0.0019289303
5596,0.0035328246
6881,0.21723732
5,0.15374039
2866,0.0017114899
1605,0.0068690716
4227,0.0006422143
4177,0.23739412
1218,0.0012485975
3600,0.014270682
1484,0.21161795
6094,0.0313918
1990,0.0011373124
5695,0.03137832
559,0.0006108592
8053,0.0022389926
7516,0.6419843
7570,0.00011393634
3587,0.37545374
3517,0.008154274
